arch,seed,attack,defense,clip_sigma,checksum_cov,top_k,sub_batch,step,asr,accuracy,blocked,clipped
smallcnn,0,pbs,clip,2.0,0.5,8,32,1,0.000133,0.879883,0,0
smallcnn,0,pbs,clip,2.0,0.5,8,32,2,0.000133,0.879883,0,1
smallcnn,0,pbs,clip,2.0,0.5,8,32,3,0.000266,0.879766,0,0
smallcnn,0,pbs,clip,2.0,0.5,8,32,4,0.000399,0.879649,0,0
smallcnn,0,pbs,clip,2.0,0.5,8,32,5,0.000399,0.879649,0,1
smallcnn,0,pbs,clip,2.0,0.5,8,32,6,0.000532,0.879532,0,0
smallcnn,0,pbs,clip,2.0,0.5,8,32,7,0.000665,0.879415,0,0
smallcnn,0,pbs,clip,2.0,0.5,8,32,8,0.000798,0.879298,0,0
smallcnn,0,pbs,clip,2.0,0.5,8,32,9,0.000798,0.879298,0,1
smallcnn,0,pbs,clip,2.0,0.5,8,32,10,0.000931,0.879181,0,0
smallcnn,0,pbs,clip,2.0,0.5,8,32,11,0.001064,0.879064,0,0
smallcnn,0,pbs,clip,2.0,0.5,8,32,12,0.001197,0.878947,0,0
smallcnn,0,pbs,clip,2.0,0.5,8,32,13,0.00133,0.87883,0,0
smallcnn,0,pbs,clip,2.0,0.5,8,32,14,0.001463,0.878713,0,0
smallcnn,0,pbs,clip,2.0,0.5,8,32,15,0.001463,0.878713,0,1
smallcnn,0,pbs,clip,2.0,0.5,8,32,16,0.001463,0.878713,0,1
smallcnn,0,pbs,clip,2.0,0.5,8,32,17,0.001463,0.878713,0,1
smallcnn,0,pbs,clip,2.0,0.5,8,32,18,0.001596,0.878596,0,0
smallcnn,0,pbs,clip,2.0,0.5,8,32,19,0.001729,0.878479,0,0
smallcnn,0,pbs,clip,2.0,0.5,8,32,20,0.001729,0.878479,0,1
smallcnn,1,pbs,clip,2.0,0.5,8,32,1,0.000133,0.879883,0,0
smallcnn,1,pbs,clip,2.0,0.5,8,32,2,0.000266,0.879766,0,0
smallcnn,1,pbs,clip,2.0,0.5,8,32,3,0.000399,0.879649,0,0
smallcnn,1,pbs,clip,2.0,0.5,8,32,4,0.000399,0.879649,0,1
smallcnn,1,pbs,clip,2.0,0.5,8,32,5,0.000532,0.879532,0,0
smallcnn,1,pbs,clip,2.0,0.5,8,32,6,0.000665,0.879415,0,0
smallcnn,1,pbs,clip,2.0,0.5,8,32,7,0.000798,0.879298,0,0
smallcnn,1,pbs,clip,2.0,0.5,8,32,8,0.000931,0.879181,0,0
smallcnn,1,pbs,clip,2.0,0.5,8,32,9,0.001064,0.879064,0,0
smallcnn,1,pbs,clip,2.0,0.5,8,32,10,0.001197,0.878947,0,0
smallcnn,1,pbs,clip,2.0,0.5,8,32,11,0.00133,0.87883,0,0
smallcnn,1,pbs,clip,2.0,0.5,8,32,12,0.001463,0.878713,0,0
smallcnn,1,pbs,clip,2.0,0.5,8,32,13,0.001596,0.878596,0,0
smallcnn,1,pbs,clip,2.0,0.5,8,32,14,0.001729,0.878479,0,0
smallcnn,1,pbs,clip,2.0,0.5,8,32,15,0.001862,0.878361,0,0
smallcnn,1,pbs,clip,2.0,0.5,8,32,16,0.001995,0.878244,0,0
smallcnn,1,pbs,clip,2.0,0.5,8,32,17,0.002128,0.878127,0,0
smallcnn,1,pbs,clip,2.0,0.5,8,32,18,0.002261,0.87801,0,0
smallcnn,1,pbs,clip,2.0,0.5,8,32,19,0.002394,0.877893,0,0
smallcnn,1,pbs,clip,2.0,0.5,8,32,20,0.002527,0.877776,0,0
smallcnn,2,pbs,clip,2.0,0.5,8,32,1,0.000133,0.879883,0,0
smallcnn,2,pbs,clip,2.0,0.5,8,32,2,0.000133,0.879883,0,1
smallcnn,2,pbs,clip,2.0,0.5,8,32,3,0.000266,0.879766,0,0
smallcnn,2,pbs,clip,2.0,0.5,8,32,4,0.000399,0.879649,0,0
smallcnn,2,pbs,clip,2.0,0.5,8,32,5,0.000532,0.879532,0,0
smallcnn,2,pbs,clip,2.0,0.5,8,32,6,0.000532,0.879532,0,1
smallcnn,2,pbs,clip,2.0,0.5,8,32,7,0.000532,0.879532,0,1
smallcnn,2,pbs,clip,2.0,0.5,8,32,8,0.000665,0.879415,0,0
smallcnn,2,pbs,clip,2.0,0.5,8,32,9,0.000798,0.879298,0,0
smallcnn,2,pbs,clip,2.0,0.5,8,32,10,0.000798,0.879298,0,1
smallcnn,2,pbs,clip,2.0,0.5,8,32,11,0.000931,0.879181,0,0
smallcnn,2,pbs,clip,2.0,0.5,8,32,12,0.001064,0.879064,0,0
smallcnn,2,pbs,clip,2.0,0.5,8,32,13,0.001197,0.878947,0,0
smallcnn,2,pbs,clip,2.0,0.5,8,32,14,0.00133,0.87883,0,0
smallcnn,2,pbs,clip,2.0,0.5,8,32,15,0.001463,0.878713,0,0
smallcnn,2,pbs,clip,2.0,0.5,8,32,16,0.001596,0.878596,0,0
smallcnn,2,pbs,clip,2.0,0.5,8,32,17,0.001729,0.878479,0,0
smallcnn,2,pbs,clip,2.0,0.5,8,32,18,0.001862,0.878361,0,0
smallcnn,2,pbs,clip,2.0,0.5,8,32,19,0.001995,0.878244,0,0
smallcnn,2,pbs,clip,2.0,0.5,8,32,20,0.002128,0.878127,0,0
smallcnn,3,pbs,clip,2.0,0.5,8,32,1,0.000133,0.879883,0,0
smallcnn,3,pbs,clip,2.0,0.5,8,32,2,0.000133,0.879883,0,1
smallcnn,3,pbs,clip,2.0,0.5,8,32,3,0.000266,0.879766,0,0
smallcnn,3,pbs,clip,2.0,0.5,8,32,4,0.000399,0.879649,0,0
smallcnn,3,pbs,clip,2.0,0.5,8,32,5,0.000532,0.879532,0,0
smallcnn,3,pbs,clip,2.0,0.5,8,32,6,0.000665,0.879415,0,0
smallcnn,3,pbs,clip,2.0,0.5,8,32,7,0.000798,0.879298,0,0
smallcnn,3,pbs,clip,2.0,0.5,8,32,8,0.000931,0.879181,0,0
smallcnn,3,pbs,clip,2.0,0.5,8,32,9,0.001064,0.879064,0,0
smallcnn,3,pbs,clip,2.0,0.5,8,32,10,0.001197,0.878947,0,0
smallcnn,3,pbs,clip,2.0,0.5,8,32,11,0.00133,0.87883,0,0
smallcnn,3,pbs,clip,2.0,0.5,8,32,12,0.001463,0.878713,0,0
smallcnn,3,pbs,clip,2.0,0.5,8,32,13,0.001463,0.878713,0,1
smallcnn,3,pbs,clip,2.0,0.5,8,32,14,0.001596,0.878596,0,0
smallcnn,3,pbs,clip,2.0,0.5,8,32,15,0.001729,0.878479,0,0
smallcnn,3,pbs,clip,2.0,0.5,8,32,16,0.001862,0.878361,0,0
smallcnn,3,pbs,clip,2.0,0.5,8,32,17,0.001995,0.878244,0,0
smallcnn,3,pbs,clip,2.0,0.5,8,32,18,0.002128,0.878127,0,0
smallcnn,3,pbs,clip,2.0,0.5,8,32,19,0.002261,0.87801,0,0
smallcnn,3,pbs,clip,2.0,0.5,8,32,20,0.002394,0.877893,0,0
smallcnn,4,pbs,clip,2.0,0.5,8,32,1,0.000133,0.879883,0,0
smallcnn,4,pbs,clip,2.0,0.5,8,32,2,0.000266,0.879766,0,0
smallcnn,4,pbs,clip,2.0,0.5,8,32,3,0.000266,0.879766,0,1
smallcnn,4,pbs,clip,2.0,0.5,8,32,4,0.000266,0.879766,0,1
smallcnn,4,pbs,clip,2.0,0.5,8,32,5,0.000399,0.879649,0,0
smallcnn,4,pbs,clip,2.0,0.5,8,32,6,0.000532,0.879532,0,0
smallcnn,4,pbs,clip,2.0,0.5,8,32,7,0.000665,0.879415,0,0
smallcnn,4,pbs,clip,2.0,0.5,8,32,8,0.000798,0.879298,0,0
smallcnn,4,pbs,clip,2.0,0.5,8,32,9,0.000798,0.879298,0,1
smallcnn,4,pbs,clip,2.0,0.5,8,32,10,0.000798,0.879298,0,1
smallcnn,4,pbs,clip,2.0,0.5,8,32,11,0.000931,0.879181,0,0
smallcnn,4,pbs,clip,2.0,0.5,8,32,12,0.001064,0.879064,0,0
smallcnn,4,pbs,clip,2.0,0.5,8,32,13,0.001064,0.879064,0,1
smallcnn,4,pbs,clip,2.0,0.5,8,32,14,0.001197,0.878947,0,0
smallcnn,4,pbs,clip,2.0,0.5,8,32,15,0.00133,0.87883,0,0
smallcnn,4,pbs,clip,2.0,0.5,8,32,16,0.001463,0.878713,0,0
smallcnn,4,pbs,clip,2.0,0.5,8,32,17,0.001596,0.878596,0,0
smallcnn,4,pbs,clip,2.0,0.5,8,32,18,0.001729,0.878479,0,0
smallcnn,4,pbs,clip,2.0,0.5,8,32,19,0.001862,0.878361,0,0
smallcnn,4,pbs,clip,2.0,0.5,8,32,20,0.001995,0.878244,0,0
smallcnn,5,pbs,clip,2.0,0.5,8,32,1,0.0,0.88,0,1
smallcnn,5,pbs,clip,2.0,0.5,8,32,2,0.0,0.88,0,1
smallcnn,5,pbs,clip,2.0,0.5,8,32,3,0.000133,0.879883,0,0
smallcnn,5,pbs,clip,2.0,0.5,8,32,4,0.000266,0.879766,0,0
smallcnn,5,pbs,clip,2.0,0.5,8,32,5,0.000399,0.879649,0,0
smallcnn,5,pbs,clip,2.0,0.5,8,32,6,0.000532,0.879532,0,0
smallcnn,5,pbs,clip,2.0,0.5,8,32,7,0.000665,0.879415,0,0
smallcnn,5,pbs,clip,2.0,0.5,8,32,8,0.000798,0.879298,0,0
smallcnn,5,pbs,clip,2.0,0.5,8,32,9,0.000931,0.879181,0,0
smallcnn,5,pbs,clip,2.0,0.5,8,32,10,0.000931,0.879181,0,1
smallcnn,5,pbs,clip,2.0,0.5,8,32,11,0.000931,0.879181,0,1
smallcnn,5,pbs,clip,2.0,0.5,8,32,12,0.000931,0.879181,0,1
smallcnn,5,pbs,clip,2.0,0.5,8,32,13,0.001064,0.879064,0,0
smallcnn,5,pbs,clip,2.0,0.5,8,32,14,0.001197,0.878947,0,0
smallcnn,5,pbs,clip,2.0,0.5,8,32,15,0.00133,0.87883,0,0
smallcnn,5,pbs,clip,2.0,0.5,8,32,16,0.001463,0.878713,0,0
smallcnn,5,pbs,clip,2.0,0.5,8,32,17,0.001596,0.878596,0,0
smallcnn,5,pbs,clip,2.0,0.5,8,32,18,0.001729,0.878479,0,0
smallcnn,5,pbs,clip,2.0,0.5,8,32,19,0.001862,0.878361,0,0
smallcnn,5,pbs,clip,2.0,0.5,8,32,20,0.001995,0.878244,0,0
smallcnn,6,pbs,clip,2.0,0.5,8,32,1,0.0,0.88,0,1
smallcnn,6,pbs,clip,2.0,0.5,8,32,2,0.0,0.88,0,1
smallcnn,6,pbs,clip,2.0,0.5,8,32,3,0.000133,0.879883,0,0
smallcnn,6,pbs,clip,2.0,0.5,8,32,4,0.000133,0.879883,0,1
smallcnn,6,pbs,clip,2.0,0.5,8,32,5,0.000266,0.879766,0,0
smallcnn,6,pbs,clip,2.0,0.5,8,32,6,0.000399,0.879649,0,0
smallcnn,6,pbs,clip,2.0,0.5,8,32,7,0.000532,0.879532,0,0
smallcnn,6,pbs,clip,2.0,0.5,8,32,8,0.000532,0.879532,0,1
smallcnn,6,pbs,clip,2.0,0.5,8,32,9,0.000532,0.879532,0,1
smallcnn,6,pbs,clip,2.0,0.5,8,32,10,0.000665,0.879415,0,0
smallcnn,6,pbs,clip,2.0,0.5,8,32,11,0.000798,0.879298,0,0
smallcnn,6,pbs,clip,2.0,0.5,8,32,12,0.000931,0.879181,0,0
smallcnn,6,pbs,clip,2.0,0.5,8,32,13,0.001064,0.879064,0,0
smallcnn,6,pbs,clip,2.0,0.5,8,32,14,0.001064,0.879064,0,1
smallcnn,6,pbs,clip,2.0,0.5,8,32,15,0.001064,0.879064,0,1
smallcnn,6,pbs,clip,2.0,0.5,8,32,16,0.001064,0.879064,0,1
smallcnn,6,pbs,clip,2.0,0.5,8,32,17,0.001197,0.878947,0,0
smallcnn,6,pbs,clip,2.0,0.5,8,32,18,0.00133,0.87883,0,0
smallcnn,6,pbs,clip,2.0,0.5,8,32,19,0.001463,0.878713,0,0
smallcnn,6,pbs,clip,2.0,0.5,8,32,20,0.001596,0.878596,0,0
smallcnn,7,pbs,clip,2.0,0.5,8,32,1,0.000133,0.879883,0,0
smallcnn,7,pbs,clip,2.0,0.5,8,32,2,0.000266,0.879766,0,0
smallcnn,7,pbs,clip,2.0,0.5,8,32,3,0.000399,0.879649,0,0
smallcnn,7,pbs,clip,2.0,0.5,8,32,4,0.000532,0.879532,0,0
smallcnn,7,pbs,clip,2.0,0.5,8,32,5,0.000665,0.879415,0,0
smallcnn,7,pbs,clip,2.0,0.5,8,32,6,0.000798,0.879298,0,0
smallcnn,7,pbs,clip,2.0,0.5,8,32,7,0.000931,0.879181,0,0
smallcnn,7,pbs,clip,2.0,0.5,8,32,8,0.000931,0.879181,0,1
smallcnn,7,pbs,clip,2.0,0.5,8,32,9,0.001064,0.879064,0,0
smallcnn,7,pbs,clip,2.0,0.5,8,32,10,0.001197,0.878947,0,0
smallcnn,7,pbs,clip,2.0,0.5,8,32,11,0.00133,0.87883,0,0
smallcnn,7,pbs,clip,2.0,0.5,8,32,12,0.001463,0.878713,0,0
smallcnn,7,pbs,clip,2.0,0.5,8,32,13,0.001463,0.878713,0,1
smallcnn,7,pbs,clip,2.0,0.5,8,32,14,0.001596,0.878596,0,0
smallcnn,7,pbs,clip,2.0,0.5,8,32,15,0.001729,0.878479,0,0
smallcnn,7,pbs,clip,2.0,0.5,8,32,16,0.001862,0.878361,0,0
smallcnn,7,pbs,clip,2.0,0.5,8,32,17,0.001995,0.878244,0,0
smallcnn,7,pbs,clip,2.0,0.5,8,32,18,0.001995,0.878244,0,1
smallcnn,7,pbs,clip,2.0,0.5,8,32,19,0.001995,0.878244,0,1
smallcnn,7,pbs,clip,2.0,0.5,8,32,20,0.002128,0.878127,0,0
smallcnn,8,pbs,clip,2.0,0.5,8,32,1,0.0,0.88,0,1
smallcnn,8,pbs,clip,2.0,0.5,8,32,2,0.000133,0.879883,0,0
smallcnn,8,pbs,clip,2.0,0.5,8,32,3,0.000133,0.879883,0,1
smallcnn,8,pbs,clip,2.0,0.5,8,32,4,0.000266,0.879766,0,0
smallcnn,8,pbs,clip,2.0,0.5,8,32,5,0.000399,0.879649,0,0
smallcnn,8,pbs,clip,2.0,0.5,8,32,6,0.000532,0.879532,0,0
smallcnn,8,pbs,clip,2.0,0.5,8,32,7,0.000665,0.879415,0,0
smallcnn,8,pbs,clip,2.0,0.5,8,32,8,0.000665,0.879415,0,1
smallcnn,8,pbs,clip,2.0,0.5,8,32,9,0.000665,0.879415,0,1
smallcnn,8,pbs,clip,2.0,0.5,8,32,10,0.000798,0.879298,0,0
smallcnn,8,pbs,clip,2.0,0.5,8,32,11,0.000931,0.879181,0,0
smallcnn,8,pbs,clip,2.0,0.5,8,32,12,0.001064,0.879064,0,0
smallcnn,8,pbs,clip,2.0,0.5,8,32,13,0.001197,0.878947,0,0
smallcnn,8,pbs,clip,2.0,0.5,8,32,14,0.00133,0.87883,0,0
smallcnn,8,pbs,clip,2.0,0.5,8,32,15,0.001463,0.878713,0,0
smallcnn,8,pbs,clip,2.0,0.5,8,32,16,0.001596,0.878596,0,0
smallcnn,8,pbs,clip,2.0,0.5,8,32,17,0.001729,0.878479,0,0
smallcnn,8,pbs,clip,2.0,0.5,8,32,18,0.001862,0.878361,0,0
smallcnn,8,pbs,clip,2.0,0.5,8,32,19,0.001995,0.878244,0,0
smallcnn,8,pbs,clip,2.0,0.5,8,32,20,0.002128,0.878127,0,0
smallcnn,9,pbs,clip,2.0,0.5,8,32,1,0.000133,0.879883,0,0
smallcnn,9,pbs,clip,2.0,0.5,8,32,2,0.000266,0.879766,0,0
smallcnn,9,pbs,clip,2.0,0.5,8,32,3,0.000399,0.879649,0,0
smallcnn,9,pbs,clip,2.0,0.5,8,32,4,0.000399,0.879649,0,1
smallcnn,9,pbs,clip,2.0,0.5,8,32,5,0.000399,0.879649,0,1
smallcnn,9,pbs,clip,2.0,0.5,8,32,6,0.000399,0.879649,0,1
smallcnn,9,pbs,clip,2.0,0.5,8,32,7,0.000532,0.879532,0,0
smallcnn,9,pbs,clip,2.0,0.5,8,32,8,0.000665,0.879415,0,0
smallcnn,9,pbs,clip,2.0,0.5,8,32,9,0.000665,0.879415,0,1
smallcnn,9,pbs,clip,2.0,0.5,8,32,10,0.000665,0.879415,0,1
smallcnn,9,pbs,clip,2.0,0.5,8,32,11,0.000665,0.879415,0,1
smallcnn,9,pbs,clip,2.0,0.5,8,32,12,0.000798,0.879298,0,0
smallcnn,9,pbs,clip,2.0,0.5,8,32,13,0.000931,0.879181,0,0
smallcnn,9,pbs,clip,2.0,0.5,8,32,14,0.001064,0.879064,0,0
smallcnn,9,pbs,clip,2.0,0.5,8,32,15,0.001197,0.878947,0,0
smallcnn,9,pbs,clip,2.0,0.5,8,32,16,0.00133,0.87883,0,0
smallcnn,9,pbs,clip,2.0,0.5,8,32,17,0.001463,0.878713,0,0
smallcnn,9,pbs,clip,2.0,0.5,8,32,18,0.001596,0.878596,0,0
smallcnn,9,pbs,clip,2.0,0.5,8,32,19,0.001729,0.878479,0,0
smallcnn,9,pbs,clip,2.0,0.5,8,32,20,0.001862,0.878361,0,0
